{
  "best_val_dice": 0.25376463691141493,
  "final_val_dice": 0.25376463691141493,
  "final_val_iou": 0.17056798668910222,
  "test_metrics": {
    "loss": 0.020171398997749432,
    "dice": 0.2730486211547524,
    "iou": 0.1849179173686779
  }
}