{
  "train_loss": [
    0.8583483329566154,
    0.32951283551115435,
    0.27584874232089956,
    0.24806280492644037,
    0.22991030711362084,
    0.21078189427315877,
    0.1988046998987023,
    0.18841532089895394,
    0.18087780891704724,
    0.1673743882871527,
    0.13625136720273404,
    0.12745054816765414,
    0.12050936511680353,
    0.11465573868995457,
    0.10961507497612147,
    0.10523734831074041,
    0.09787665071196686,
    0.09437204396309913,
    0.08791843309257355,
    0.08534435037829073
  ],
  "train_acc": [
    71.50715972535048,
    90.09241437678311,
    91.78918055612434,
    92.64916663254023,
    93.28528331763518,
    93.8504170249942,
    94.23672823074928,
    94.57389737499489,
    94.72132355952333,
    95.20045865924075,
    96.2051408056568,
    96.43310536877021,
    96.58872189688357,
    96.82760691811022,
    96.879479094148,
    96.9395416137707,
    97.21255306660115,
    97.23712409735589,
    97.49785003480896,
    97.51832589377125
  ],
  "test_loss": [
    0.4803718161203113,
    0.30998286656012725,
    0.24260110320413814,
    0.21445778770116614,
    0.1818986491793219,
    0.2017283103994879,
    0.18406774614042803,
    0.16754949192388677,
    0.1711500901363644,
    0.15809875825310454,
    0.14657746133960636,
    0.14391734348792656,
    0.15155709137701812,
    0.1383758918701799,
    0.14871957688592374,
    0.13769622873880116,
    0.14668458137734264,
    0.15391008711109558,
    0.14598743907888145,
    0.14428651937301837
  ],
  "test_acc": [
    85.34111862323294,
    91.01106330669944,
    93.03933620159803,
    93.8921327596804,
    95.03303626306085,
    94.43377381684081,
    94.87937922556853,
    95.45559311616472,
    95.24047326367548,
    95.74370006146282,
    95.94345421020283,
    96.20082974800246,
    96.06637984019667,
    96.49661954517516,
    96.14320835894284,
    96.43899815611555,
    96.21235402581438,
    96.1240012292563,
    96.3660110633067,
    96.46972956361401
  ],
  "epoch_grad_norms": {
    "initial.0": [
      1.2191905401009955,
      0.9713530822886223,
      0.8196201466973123,
      0.738546857295028,
      0.6384931726813524,
      0.6025486090212384,
      0.5684107332953607,
      0.5336017359249671,
      0.5030559805883371,
      0.4776394779665516,
      0.40320545822433984,
      0.39816271613821724,
      0.4319544670417463,
      0.414033917271342,
      0.4203192328491344,
      0.4208771914087665,
      0.42337079357882446,
      0.4199198821322248,
      0.41707620817849356,
      0.4314626971418997
    ],
    "stage1_block1.conv1": [
      0.24335433322331668,
      0.15944683710421984,
      0.12205857002090201,
      0.10654109953065609,
      0.09448863757712471,
      0.08209452673428762,
      0.07759526176264357,
      0.07236544895806654,
      0.06674650530891581,
      0.06322513900073098,
      0.05496272104052765,
      0.05369519933499071,
      0.055603169234726336,
      0.05484841415336775,
      0.05591608469340346,
      0.056912226921002694,
      0.05525500057053868,
      0.05612547390396994,
      0.05590111818847232,
      0.056766737433699775
    ],
    "stage1_block3.conv2": [
      0.11844081966365715,
      0.08484645044824424,
      0.06684471880058135,
      0.05885266707998816,
      0.05199116396914394,
      0.04634527437206858,
      0.042929978901439104,
      0.03876164878018031,
      0.036705566810713804,
      0.034553502304365706,
      0.031443773737960666,
      0.03191267624074824,
      0.032936379939226684,
      0.03220662917376189,
      0.032531433272294144,
      0.03394990462491233,
      0.0335349145412029,
      0.03385798107949695,
      0.03282687843762611,
      0.03374644640522698
    ],
    "stage2_block1.conv1": [
      0.12496148278679939,
      0.0883260717774769,
      0.07238717914199747,
      0.06345990039148151,
      0.05824417145646472,
      0.052572082994704054,
      0.04856980573483475,
      0.04479556535265,
      0.04335991126594067,
      0.041020784127228545,
      0.03796923423696303,
      0.03932129732133206,
      0.04099990150128958,
      0.04008939856725109,
      0.0408503660139015,
      0.04220131120886686,
      0.041424989906736175,
      0.04215365982278011,
      0.041188265538301454,
      0.04208215384217496
    ],
    "stage2_block3.conv2": [
      0.0958005493802602,
      0.08011084100650867,
      0.06866703696067837,
      0.06343358909194383,
      0.05963530293934008,
      0.05602466334860258,
      0.05278554090979732,
      0.050772265045144586,
      0.04989806749576777,
      0.048141101466241516,
      0.04528576466555579,
      0.048218923287683964,
      0.05096129858606279,
      0.05138596774681908,
      0.05306227382330994,
      0.05533830700588476,
      0.055631400929539616,
      0.05752942642525333,
      0.05761508845820061,
      0.059166669061352185
    ],
    "stage3_block1.conv1": [
      0.09720055891256162,
      0.07743211031402177,
      0.06470727564256645,
      0.05962260927270324,
      0.056243283921173316,
      0.05336080722341779,
      0.051092757181919475,
      0.049035295844078064,
      0.04871041247747956,
      0.046789976106680294,
      0.04480598249633587,
      0.04743621622685207,
      0.050467914805778454,
      0.05095398416141305,
      0.05281961000285536,
      0.05552410010579993,
      0.056112117689902555,
      0.05799032966191856,
      0.058530802050212084,
      0.06105045056909999
    ],
    "stage3_block3.conv2": [
      0.043910965889068176,
      0.026712940440206005,
      0.020967597912275353,
      0.017921940404044084,
      0.016086398888002257,
      0.014320212710538252,
      0.013180987412080715,
      0.012319939899344459,
      0.011520718814346803,
      0.010755966463813762,
      0.009597696944580366,
      0.010026224737704112,
      0.010149354112487331,
      0.010066122540726244,
      0.010376444722754948,
      0.010339126379325023,
      0.010299566127912484,
      0.010408793842618273,
      0.010344988464932063,
      0.010614303875646276
    ]
  },
  "weight_norms": {
    "initial.0": [
      2.668867349624634,
      2.801348924636841,
      2.9157602787017822,
      3.0181541442871094,
      3.125673294067383,
      3.2314791679382324,
      3.3372414112091064,
      3.432234525680542,
      3.5327370166778564,
      3.6339802742004395,
      3.660318374633789,
      3.685173273086548,
      3.7181599140167236,
      3.7470130920410156,
      3.779296636581421,
      3.816051721572876,
      3.846188545227051,
      3.87668514251709,
      3.909803628921509,
      3.9408185482025146
    ],
    "stage1_block1.conv1": [
      12.081123352050781,
      12.54743480682373,
      12.952986717224121,
      13.370560646057129,
      13.831576347351074,
      14.241398811340332,
      14.698236465454102,
      15.142789840698242,
      15.606374740600586,
      16.09679412841797,
      16.21650505065918,
      16.33685302734375,
      16.49428367614746,
      16.655261993408203,
      16.80757713317871,
      16.97311782836914,
      17.134817123413086,
      17.286291122436523,
      17.435039520263672,
      17.587142944335938
    ],
    "stage1_block3.conv2": [
      12.160584449768066,
      12.68288803100586,
      13.137943267822266,
      13.59459400177002,
      14.049777030944824,
      14.508284568786621,
      14.982583045959473,
      15.450379371643066,
      15.940136909484863,
      16.410490036010742,
      16.541616439819336,
      16.688753128051758,
      16.849864959716797,
      17.009201049804688,
      17.160837173461914,
      17.334829330444336,
      17.497705459594727,
      17.663362503051758,
      17.812551498413086,
      17.979265213012695
    ],