{
  "best_val_dice": 0.3723390373853174,
  "final_val_dice": 0.3407552493090677,
  "final_val_iou": 0.2280170886528374,
  "test_metrics": {
    "loss": 0.01629427833353529,
    "dice": 0.34961418350144186,
    "iou": 0.23693046947517019
  }
}