{
  "train_loss": [
    1.1029194350017928,
    0.37725246633950743,
    0.3083491210173978,
    0.27473148048236107,
    0.24818648882925406,
    0.22985899352174363,
    0.21974057581984352,
    0.207423632135566,
    0.19845461830444777,
    0.18865551222863414,
    0.15166097810495172,
    0.1440969351581566,
    0.13792195474732194,
    0.1317040273955459,
    0.12757673103810918,
    0.12289888603225949,
    0.11808095211211923,
    0.11320460522076015,
    0.1080620149735615,
    0.10452054243170726
  ],
  "train_acc": [
    62.593335790436406,
    88.44752037347966,
    90.70805520291576,
    91.75778423904883,
    92.61640525820059,
    93.29074354669179,
    93.55146948414486,
    93.88454345659801,
    94.25583903244741,
    94.54523117244769,
    95.73419604952427,
    95.97308107075092,
    96.14644334329824,
    96.24882263810967,
    96.41808973886455,
    96.56824603792128,
    96.62967361480814,
    96.86036829244986,
    96.91633564028011,
    96.94500184282731
  ],
  "test_loss": [
    0.4145847700682341,
    0.26111315599843565,
    0.2703853921928242,
    0.21586069245548808,
    0.2126713459946069,
    0.1799268457929001,
    0.20314183424902604,
    0.18254250170224728,
    0.18129397178178325,
    0.1839164847179371,
    0.14531295910002848,
    0.144494794751974,
    0.14819165830518685,
    0.13894397408391038,
    0.14329942470124246,
    0.14192217976475754,
    0.14364932031900274,
    0.14997707804500618,
    0.13705240258508744,
    0.13738778267767937
  ],
  "test_acc": [
    87.03518746158574,
    92.2979409956976,
    91.8638598647818,
    93.72695144437616,
    93.9958512599877,
    94.88706207744315,
    94.22249539028887,
    95.009987707437,
    94.83328211432084,
    94.79102642901044,
    95.99339274738783,
    96.04717271051014,
    95.89351567301783,
    96.38905961893055,
    96.29686539643515,
    96.26229256299939,
    96.120159803319,
    96.00875845113706,
    96.44668100799016,
    96.48125384142594
  ],
  "epoch_grad_norms": {
    "initial.0": [
      1.007252707394786,
      0.8575813960654574,
      0.7419255420851666,
      0.6630412793180289,
      0.6091806336223143,
      0.5728165249601916,
      0.5306470909303812,
      0.5011632184759692,
      0.44556488387975807,
      0.4141937413010714,
      0.38498253050222864,
      0.3986280272222314,
      0.3963497828815724,
      0.3806581074862788,
      0.39345502781878383,
      0.3807304412009516,
      0.40484129867628604,
      0.4096541916252639,
      0.3735457468537344,
      0.3742099368317381
    ],
    "stage1_block1.conv1": [
      0.2812073242445891,
      0.17658033272670826,
      0.1395708013709511,
      0.11926015204446062,
      0.10689288738588389,
      0.09518033047621163,
      0.08715041875059068,
      0.08250041335925173,
      0.07220865425899183,
      0.06790503274070758,
      0.06131551226838305,
      0.06190946374420096,
      0.06135495034668978,
      0.06149774676361113,
      0.062324600183708924,
      0.06022103746335492,
      0.061405485021324265,
      0.06026739412252295,
      0.058682130672440685,
      0.05927581976559566
    ],
    "stage1_block3.conv2": [
      0.15673370370039974,
      0.12442275978637823,
      0.1001011684640956,
      0.08802258947548858,
      0.0777710344492869,
      0.07102780263175307,
      0.06546277022980687,
      0.06193636007034862,
      0.05773088591820178,
      0.05478149285153153,
      0.0488603046882319,
      0.04977245880112078,
      0.050192478735383475,
      0.0498956609809898,
      0.05026105982470887,
      0.05020464363184483,
      0.049265747558306025,
      0.04948640257984816,
      0.04998858018012727,
      0.04992694017618739
    ],
    "stage2_block1.conv1": [
      0.14080639833009057,
      0.10878696775041118,
      0.08733643699326857,
      0.07624597621538773,
      0.06706427775947524,
      0.06075380655106346,
      0.05601906939612841,
      0.052218289919080535,
      0.049094373529312084,
      0.04673628522372475,
      0.041924844679616095,
      0.042866630468316,
      0.04294561503705346,
      0.04275615868950181,
      0.04293123324829142,
      0.04246246147117404,
      0.04209961918675151,
      0.042323091460707195,
      0.04294541477019302,
      0.04295505754435094
    ],
    "stage2_block3.conv2": [
      0.09359143087624151,
      0.08795299972643195,
      0.0750185660302743,
      0.0685361787826343,
      0.06320324299587213,
      0.058050225184902056,
      0.0561187260054429,
      0.0532048880033208,
      0.05154637237571921,
      0.049357381082070016,
      0.045808115164646925,
      0.04792446887891018,
      0.04952305640511696,
      0.04977118495988284,
      0.050756095562383766,
      0.05184385377790187,
      0.051736392490370736,
      0.052697192100616234,
      0.05424940226888886,
      0.054259195879920924
    ],
    "stage3_block1.conv1": [
      0.08014367331131435,
      0.0696311998741789,
      0.05884151648320453,
      0.05319774039024666,
      0.04869369120641009,
      0.045151335673234434,
      0.043600369030268406,
      0.04144150548229355,
      0.03993954382069656,
      0.03841149623312355,
      0.03571853987111939,
      0.037285049676726106,
      0.03876424899054968,
      0.038956707323954995,
      0.04002718610874333,
      0.04093823155768567,
      0.040619701464021704,
      0.041351532043456825,
      0.042642882648029776,
      0.042968865399481325
    ],
    "stage3_block3.conv2": [
      0.051018119358943605,
      0.03764956383063843,
      0.030152226302506205,
      0.02587662891112593,
      0.023029177399257923,
      0.020803460462854275,
      0.019113342664537732,
      0.01759031583696448,
      0.016550240728575055,
      0.015549367837393316,
      0.013534316186017858,
      0.013789815040724596,
      0.014069209063025825,
      0.013964136674785646,
      0.013954107504155988,
      0.014043376340577948,
      0.013891911198324922,
      0.013738000350573586,
      0.013809055825419086,
      0.013826614533458393
    ]
  },
  "weight_norms": {
    "initial.0": [
      2.6817476749420166,
      2.818115711212158,
      2.9290974140167236,
      3.0468862056732178,
      3.154057741165161,
      3.254865884780884,
      3.355372190475464,
      3.4552242755889893,
      3.5396554470062256,
      3.634251356124878,
      3.65675687789917,
      3.6835596561431885,
      3.7114686965942383,
      3.7402074337005615,
      3.766832113265991,
      3.7954964637756348,
      3.8262522220611572,
      3.860460042953491,
      3.89064621925354,
      3.9215283393859863
    ],
    "stage1_block1.conv1": [
      12.219385147094727,
      12.671692848205566,
      13.059290885925293,
      13.474082946777344,
      13.890792846679688,
      14.306419372558594,
      14.748648643493652,
      15.229840278625488,
      15.654242515563965,
      16.08262062072754,
      16.205772399902344,
      16.346830368041992,
      16.48012924194336,
      16.6331729888916,
      16.786230087280273,
      16.936864852905273,
      17.087614059448242,
      17.24037742614746,
      17.39725112915039,
      17.537458419799805
    ],
    "stage1_block3.conv2": [
      12.278141021728516,
      12.81977653503418,
      13.296342849731445,
      13.765235900878906,
      14.218838691711426,
      14.698505401611328,
      15.156484603881836,
      15.655000686645508,
      16.153900146484375,
      16.658893585205078,
      16.780019760131836,
      16.924001693725586,
      17.091304779052734,
      17.245262145996094,
      17.400615692138672,
      17.55091094970703,
      17.703964233398438,
      17.8519344329834,
      18.00704002380371,
      18.160171508789062
    ],